{
  "SignOff" : {
    "transaction" : "SignOff",
    "sampleCount" : 100,
    "errorCount" : 0,
    "errorPct" : 0.0,
    "meanResTime" : 413.7999999999999,
    "medianResTime" : 340.0,
    "minResTime" : 331.0,
    "maxResTime" : 804.0,
    "pct1ResTime" : 683.8,
    "pct2ResTime" : 708.5999999999999,
    "pct3ResTime" : 803.9499999999999,
    "throughput" : 15.56420233463035,
    "receivedKBytesPerSec" : 30.814080739299612,
    "sentKBytesPerSec" : 12.858706225680935
  },
  "Select_Pet_Category" : {
    "transaction" : "Select_Pet_Category",
    "sampleCount" : 100,
    "errorCount" : 0,
    "errorPct" : 0.0,
    "meanResTime" : 174.82999999999998,
    "medianResTime" : 171.0,
    "minResTime" : 166.0,
    "maxResTime" : 270.0,
    "pct1ResTime" : 182.0,
    "pct2ResTime" : 197.4999999999999,
    "pct3ResTime" : 269.7999999999999,
    "throughput" : 19.025875190258752,
    "receivedKBytesPerSec" : 32.62547416048326,
    "sentKBytesPerSec" : 15.73294954575723
  },
  "AddTo_Cart" : {
    "transaction" : "AddTo_Cart",
    "sampleCount" : 100,
    "errorCount" : 0,
    "errorPct" : 0.0,
    "meanResTime" : 173.69000000000003,
    "medianResTime" : 170.0,
    "minResTime" : 164.0,
    "maxResTime" : 473.0,
    "pct1ResTime" : 176.0,
    "pct2ResTime" : 178.95,
    "pct3ResTime" : 470.20999999999856,
    "throughput" : 17.292062943109112,
    "receivedKBytesPerSec" : 40.39959525765173,
    "sentKBytesPerSec" : 14.522630987376793
  },
  "Select_ItemID" : {
    "transaction" : "Select_ItemID",
    "sampleCount" : 100,
    "errorCount" : 0,
    "errorPct" : 0.0,
    "meanResTime" : 174.36999999999995,
    "medianResTime" : 173.0,
    "minResTime" : 168.0,
    "maxResTime" : 206.0,
    "pct1ResTime" : 179.0,
    "pct2ResTime" : 180.95,
    "pct3ResTime" : 205.86999999999995,
    "throughput" : 18.804061677322302,
    "receivedKBytesPerSec" : 40.363359110567885,
    "sentKBytesPerSec" : 16.172227576156452
  },
  "SignOn_Form" : {
    "transaction" : "SignOn_Form",
    "sampleCount" : 100,
    "errorCount" : 0,
    "errorPct" : 0.0,
    "meanResTime" : 536.8099999999997,
    "medianResTime" : 523.0,
    "minResTime" : 502.0,
    "maxResTime" : 814.0,
    "pct1ResTime" : 577.9,
    "pct2ResTime" : 583.9,
    "pct3ResTime" : 812.1399999999991,
    "throughput" : 19.05124785673462,
    "receivedKBytesPerSec" : 39.24501244284626,
    "sentKBytesPerSec" : 14.41866903219661
  },
  "Login" : {
    "transaction" : "Login",
    "sampleCount" : 100,
    "errorCount" : 0,
    "errorPct" : 0.0,
    "meanResTime" : 348.7399999999999,
    "medianResTime" : 343.0,
    "minResTime" : 334.0,
    "maxResTime" : 627.0,
    "pct1ResTime" : 354.8,
    "pct2ResTime" : 379.4999999999999,
    "pct3ResTime" : 625.009999999999,
    "throughput" : 18.261504747991232,
    "receivedKBytesPerSec" : 36.193089732468955,
    "sentKBytesPerSec" : 16.799157688093498
  },
  "Confirm_Order" : {
    "transaction" : "Confirm_Order",
    "sampleCount" : 100,
    "errorCount" : 0,
    "errorPct" : 0.0,
    "meanResTime" : 179.73999999999995,
    "medianResTime" : 175.0,
    "minResTime" : 168.0,
    "maxResTime" : 297.0,
    "pct1ResTime" : 184.0,
    "pct2ResTime" : 200.84999999999997,
    "pct3ResTime" : 296.8599999999999,
    "throughput" : 16.5892501658925,
    "receivedKBytesPerSec" : 35.78369302629397,
    "sentKBytesPerSec" : 13.559767957863306
  },
  "BackTo_MainMenu" : {
    "transaction" : "BackTo_MainMenu",
    "sampleCount" : 100,
    "errorCount" : 0,
    "errorPct" : 0.0,
    "meanResTime" : 185.85000000000005,
    "medianResTime" : 171.0,
    "minResTime" : 164.0,
    "maxResTime" : 516.0,
    "pct1ResTime" : 192.8,
    "pct2ResTime" : 258.7499999999995,
    "pct3ResTime" : 515.98,
    "throughput" : 16.655562958027982,
    "receivedKBytesPerSec" : 30.30369076865423,
    "sentKBytesPerSec" : 13.946431545636244
  },
  "Update_Cart" : {
    "transaction" : "Update_Cart",
    "sampleCount" : 100,
    "errorCount" : 0,
    "errorPct" : 0.0,
    "meanResTime" : 171.04000000000002,
    "medianResTime" : 170.0,
    "minResTime" : 165.0,
    "maxResTime" : 187.0,
    "pct1ResTime" : 175.9,
    "pct2ResTime" : 177.0,
    "pct3ResTime" : 186.98,
    "throughput" : 17.23543605653223,
    "receivedKBytesPerSec" : 37.10735522233713,
    "sentKBytesPerSec" : 20.21679620174078
  },
  "Select_ProductID" : {
    "transaction" : "Select_ProductID",
    "sampleCount" : 100,
    "errorCount" : 0,
    "errorPct" : 0.0,
    "meanResTime" : 178.95999999999998,
    "medianResTime" : 175.5,
    "minResTime" : 167.0,
    "maxResTime" : 242.0,
    "pct1ResTime" : 193.9,
    "pct2ResTime" : 201.89999999999998,
    "pct3ResTime" : 241.66999999999985,
    "throughput" : 18.779342723004696,
    "receivedKBytesPerSec" : 33.58879841549296,
    "sentKBytesPerSec" : 16.105487089201876
  },
  "Register" : {
    "transaction" : "Register",
    "sampleCount" : 1,
    "errorCount" : 0,
    "errorPct" : 0.0,
    "meanResTime" : 384.0,
    "medianResTime" : 384.0,
    "minResTime" : 384.0,
    "maxResTime" : 384.0,
    "pct1ResTime" : 384.0,
    "pct2ResTime" : 384.0,
    "pct3ResTime" : 384.0,
    "throughput" : 2.6041666666666665,
    "receivedKBytesPerSec" : 5.549112955729167,
    "sentKBytesPerSec" : 6.856282552083333
  },
  "Check_Payment_Details" : {
    "transaction" : "Check_Payment_Details",
    "sampleCount" : 100,
    "errorCount" : 0,
    "errorPct" : 0.0,
    "meanResTime" : 175.63000000000002,
    "medianResTime" : 174.0,
    "minResTime" : 167.0,
    "maxResTime" : 216.0,
    "pct1ResTime" : 182.8,
    "pct2ResTime" : 187.95,
    "pct3ResTime" : 215.75999999999988,
    "throughput" : 16.784155756965426,
    "receivedKBytesPerSec" : 32.359819517875124,
    "sentKBytesPerSec" : 24.848418093319903
  },
  "Total" : {
    "transaction" : "Total",
    "sampleCount" : 1103,
    "errorCount" : 0,
    "errorPct" : 0.0,
    "meanResTime" : 246.69990933816837,
    "medianResTime" : 175.0,
    "minResTime" : 164.0,
    "maxResTime" : 814.0,
    "pct1ResTime" : 513.0,
    "pct2ResTime" : 536.0,
    "pct3ResTime" : 683.9200000000001,
    "throughput" : 16.400999226788795,
    "receivedKBytesPerSec" : 32.87336889144561,
    "sentKBytesPerSec" : 15.23848152285434
  },
  "Register-0" : {
    "transaction" : "Register-0",
    "sampleCount" : 1,
    "errorCount" : 0,
    "errorPct" : 0.0,
    "meanResTime" : 203.0,
    "medianResTime" : 203.0,
    "minResTime" : 203.0,
    "maxResTime" : 203.0,
    "pct1ResTime" : 203.0,
    "pct2ResTime" : 203.0,
    "pct3ResTime" : 203.0,
    "throughput" : 4.926108374384237,
    "receivedKBytesPerSec" : 1.1064501231527093,
    "sentKBytesPerSec" : 8.41864224137931
  },
  "Register-1" : {
    "transaction" : "Register-1",
    "sampleCount" : 1,
    "errorCount" : 0,
    "errorPct" : 0.0,
    "meanResTime" : 177.0,
    "medianResTime" : 177.0,
    "minResTime" : 177.0,
    "maxResTime" : 177.0,
    "pct1ResTime" : 177.0,
    "pct2ResTime" : 177.0,
    "pct3ResTime" : 177.0,
    "throughput" : 5.649717514124294,
    "receivedKBytesPerSec" : 10.769774011299436,
    "sentKBytesPerSec" : 5.219367937853107
  }
}